selected_bandwidth,frobenius_gap,supnorm_gap,trace_gap
160,0.26994849737642734,0.04211114688551998,-0.18894526578785076
