method_code,method,selected_bandwidth,trace,min_eigenvalue,max_eigenvalue,negative_min_eigen,near_singular,condition_proxy
BL,Bartlett lag-window,160,144.80920700331103,0.012421837986934052,136.89505838116992,FALSE,FALSE,11020.51552476883
BS,Bartlett sandwich,160,144.62026173752318,0.012464115792210725,136.85066227063692,FALSE,FALSE,10979.572442367698
FT,Exact flat-top,160,161.78305574229546,-0.5156180144680749,159.13895400215875,TRUE,FALSE,13508.78938709363
HT,Hard truncation,160,81.31409926230567,-1.7493233728313318,79.93489490811788,TRUE,FALSE,7904.297144211181
