selected_bandwidth,frobenius_gap,supnorm_gap,trace_gap
106,0.046391085907641245,0.006883968272628271,-0.04259661676234572
