method_code,method,selected_bandwidth,trace,min_eigenvalue,max_eigenvalue,negative_min_eigen,near_singular,condition_proxy
BL,Bartlett lag-window,106,23.938443172042412,0.011870951688569012,20.328268874829504,FALSE,FALSE,1712.4380090270574
BS,Bartlett sandwich,106,23.895846555280066,0.01187228047020492,20.30401350242542,FALSE,FALSE,1710.2033222160699
FT,Exact flat-top,106,28.1030971614343,0.01128297273166425,24.19076053111923,FALSE,FALSE,2144.005937657803
HT,Hard truncation,106,29.78845278415757,0.010844101078627776,25.94117393640684,FALSE,FALSE,2392.192192632113
